"filename", "language", "Markdown", "JavaScript", "Vue", "HTML", "SCSS", "CSS", "XML", "YAML", "JSON", "JSON with Comments", "Log", "comment", "blank", "total"
"d:\vscode_project\Performace-MM\front-end\.eslintrc.js", "JavaScript", 0, 21, 0, 0, 0, 0, 0, 0, 0, 0, 0, 0, 1, 22
"d:\vscode_project\Performace-MM\front-end\README.md", "Markdown", 23, 0, 0, 0, 0, 0, 0, 0, 0, 0, 0, 0, 7, 30
"d:\vscode_project\Performace-MM\front-end\babel.config.js", "JavaScript", 0, 5, 0, 0, 0, 0, 0, 0, 0, 0, 0, 0, 1, 6
"d:\vscode_project\Performace-MM\front-end\debug.log", "Log", 0, 0, 0, 0, 0, 0, 0, 0, 0, 0, 3, 0, 1, 4
"d:\vscode_project\Performace-MM\front-end\jsconfig.json", "JSON with Comments", 0, 0, 0, 0, 0, 0, 0, 0, 0, 5, 0, 4, 0, 9
"d:\vscode_project\Performace-MM\front-end\package-lock.json", "JSON", 0, 0, 0, 0, 0, 0, 0, 0, 13009, 0, 0, 0, 1, 13010
"d:\vscode_project\Performace-MM\front-end\package.json", "JSON", 0, 0, 0, 0, 0, 0, 0, 0, 42, 0, 0, 0, 1, 43
"d:\vscode_project\Performace-MM\front-end\postcss.config.js", "JavaScript", 0, 5, 0, 0, 0, 0, 0, 0, 0, 0, 0, 0, 1, 6
"d:\vscode_project\Performace-MM\front-end\public\index.html", "HTML", 0, 0, 0, 16, 0, 0, 0, 0, 0, 0, 0, 1, 1, 18
"d:\vscode_project\Performace-MM\front-end\public\tinymce\langs\zh_CN.js", "JavaScript", 0, 419, 0, 0, 0, 0, 0, 0, 0, 0, 0, 0, 0, 419
"d:\vscode_project\Performace-MM\front-end\public\tinymce\skins\content\default\content.css", "CSS", 0, 0, 0, 0, 0, 43, 0, 0, 0, 0, 0, 6, 1, 50
"d:\vscode_project\Performace-MM\front-end\public\tinymce\skins\content\default\content.min.css", "CSS", 0, 0, 0, 0, 0, 1, 0, 0, 0, 0, 0, 7, 1, 9
"d:\vscode_project\Performace-MM\front-end\public\tinymce\skins\content\document\content.css", "CSS", 0, 0, 0, 0, 0, 47, 0, 0, 0, 0, 0, 6, 1, 54
"d:\vscode_project\Performace-MM\front-end\public\tinymce\skins\content\document\content.min.css", "CSS", 0, 0, 0, 0, 0, 1, 0, 0, 0, 0, 0, 7, 1, 9
"d:\vscode_project\Performace-MM\front-end\public\tinymce\skins\content\writer\content.css", "CSS", 0, 0, 0, 0, 0, 44, 0, 0, 0, 0, 0, 6, 1, 51
"d:\vscode_project\Performace-MM\front-end\public\tinymce\skins\content\writer\content.min.css", "CSS", 0, 0, 0, 0, 0, 1, 0, 0, 0, 0, 0, 7, 1, 9
"d:\vscode_project\Performace-MM\front-end\public\tinymce\skins\ui\oxide-dark\content.css", "CSS", 0, 0, 0, 0, 0, 598, 0, 0, 0, 0, 0, 16, 1, 615
"d:\vscode_project\Performace-MM\front-end\public\tinymce\skins\ui\oxide-dark\content.inline.css", "CSS", 0, 0, 0, 0, 0, 606, 0, 0, 0, 0, 0, 16, 1, 623
"d:\vscode_project\Performace-MM\front-end\public\tinymce\skins\ui\oxide-dark\content.inline.min.css", "CSS", 0, 0, 0, 0, 0, 1, 0, 0, 0, 0, 0, 7, 1, 9
"d:\vscode_project\Performace-MM\front-end\public\tinymce\skins\ui\oxide-dark\content.min.css", "CSS", 0, 0, 0, 0, 0, 1, 0, 0, 0, 0, 0, 7, 1, 9
"d:\vscode_project\Performace-MM\front-end\public\tinymce\skins\ui\oxide-dark\content.mobile.css", "CSS", 0, 0, 0, 0, 0, 21, 0, 0, 0, 0, 0, 8, 1, 30
"d:\vscode_project\Performace-MM\front-end\public\tinymce\skins\ui\oxide-dark\content.mobile.min.css", "CSS", 0, 0, 0, 0, 0, 1, 0, 0, 0, 0, 0, 7, 1, 9
"d:\vscode_project\Performace-MM\front-end\public\tinymce\skins\ui\oxide-dark\skin.css", "CSS", 0, 0, 0, 0, 0, 2607, 0, 0, 0, 0, 0, 18, 1, 2626
"d:\vscode_project\Performace-MM\front-end\public\tinymce\skins\ui\oxide-dark\skin.min.css", "CSS", 0, 0, 0, 0, 0, 1, 0, 0, 0, 0, 0, 7, 1, 9
"d:\vscode_project\Performace-MM\front-end\public\tinymce\skins\ui\oxide-dark\skin.mobile.css", "CSS", 0, 0, 0, 0, 0, 642, 0, 0, 0, 0, 0, 30, 1, 673
"d:\vscode_project\Performace-MM\front-end\public\tinymce\skins\ui\oxide-dark\skin.mobile.min.css", "CSS", 0, 0, 0, 0, 0, 1, 0, 0, 0, 0, 0, 7, 1, 9
"d:\vscode_project\Performace-MM\front-end\public\tinymce\skins\ui\oxide\content.css", "CSS", 0, 0, 0, 0, 0, 598, 0, 0, 0, 0, 0, 16, 1, 615
"d:\vscode_project\Performace-MM\front-end\public\tinymce\skins\ui\oxide\content.inline.css", "CSS", 0, 0, 0, 0, 0, 606, 0, 0, 0, 0, 0, 16, 1, 623
"d:\vscode_project\Performace-MM\front-end\public\tinymce\skins\ui\oxide\content.inline.min.css", "CSS", 0, 0, 0, 0, 0, 1, 0, 0, 0, 0, 0, 7, 1, 9
"d:\vscode_project\Performace-MM\front-end\public\tinymce\skins\ui\oxide\content.min.css", "CSS", 0, 0, 0, 0, 0, 1, 0, 0, 0, 0, 0, 7, 1, 9
"d:\vscode_project\Performace-MM\front-end\public\tinymce\skins\ui\oxide\content.mobile.css", "CSS", 0, 0, 0, 0, 0, 21, 0, 0, 0, 0, 0, 8, 1, 30
"d:\vscode_project\Performace-MM\front-end\public\tinymce\skins\ui\oxide\content.mobile.min.css", "CSS", 0, 0, 0, 0, 0, 1, 0, 0, 0, 0, 0, 7, 1, 9
"d:\vscode_project\Performace-MM\front-end\public\tinymce\skins\ui\oxide\skin.css", "CSS", 0, 0, 0, 0, 0, 2607, 0, 0, 0, 0, 0, 18, 1, 2626
"d:\vscode_project\Performace-MM\front-end\public\tinymce\skins\ui\oxide\skin.min.css", "CSS", 0, 0, 0, 0, 0, 1, 0, 0, 0, 0, 0, 7, 1, 9
"d:\vscode_project\Performace-MM\front-end\public\tinymce\skins\ui\oxide\skin.mobile.css", "CSS", 0, 0, 0, 0, 0, 642, 0, 0, 0, 0, 0, 30, 1, 673
"d:\vscode_project\Performace-MM\front-end\public\tinymce\skins\ui\oxide\skin.mobile.min.css", "CSS", 0, 0, 0, 0, 0, 1, 0, 0, 0, 0, 0, 7, 1, 9
"d:\vscode_project\Performace-MM\front-end\src\App.vue", "Vue", 0, 0, 14, 0, 0, 0, 0, 0, 0, 0, 0, 0, 2, 16
"d:\vscode_project\Performace-MM\front-end\src\assets\js\common.js", "JavaScript", 0, 131, 0, 0, 0, 0, 0, 0, 0, 0, 0, 7, 3, 141
"d:\vscode_project\Performace-MM\front-end\src\assets\styles\global_color.scss", "SCSS", 0, 0, 0, 0, 17, 0, 0, 0, 0, 0, 0, 1, 4, 22
"d:\vscode_project\Performace-MM\front-end\src\assets\styles\global_layout.scss", "SCSS", 0, 0, 0, 0, 153, 0, 0, 0, 0, 0, 0, 28, 26, 207
"d:\vscode_project\Performace-MM\front-end\src\assets\styles\globals.scss", "SCSS", 0, 0, 0, 0, 2, 0, 0, 0, 0, 0, 0, 0, 1, 3
"d:\vscode_project\Performace-MM\front-end\src\assets\styles\reset.css", "CSS", 0, 0, 0, 0, 0, 42, 0, 0, 0, 0, 0, 2, 0, 44
"d:\vscode_project\Performace-MM\front-end\src\components\Chart\MixChart.vue", "Vue", 0, 0, 265, 0, 0, 0, 0, 0, 0, 0, 0, 0, 6, 271
"d:\vscode_project\Performace-MM\front-end\src\components\Chart\mixins\resize.js", "JavaScript", 0, 48, 0, 0, 0, 0, 0, 0, 0, 0, 0, 4, 5, 57
"d:\vscode_project\Performace-MM\front-end\src\components\Cop\Cop.vue", "Vue", 0, 0, 109, 0, 0, 0, 0, 0, 0, 0, 0, 2, 4, 115
"d:\vscode_project\Performace-MM\front-end\src\components\Cop\CopReview.vue", "Vue", 0, 0, 168, 0, 0, 0, 0, 0, 0, 0, 0, 5, 4, 177
"d:\vscode_project\Performace-MM\front-end\src\components\Cop\CopTable.vue", "Vue", 0, 0, 83, 0, 0, 0, 0, 0, 0, 0, 0, 2, 3, 88
"d:\vscode_project\Performace-MM\front-end\src\components\Cop\CopTableEdit.vue", "Vue", 0, 0, 293, 0, 0, 0, 0, 0, 0, 0, 0, 6, 7, 306
"d:\vscode_project\Performace-MM\front-end\src\components\Cop\workTimeAssign.vue", "Vue", 0, 0, 403, 0, 0, 0, 0, 0, 0, 0, 0, 11, 3, 417
"d:\vscode_project\Performace-MM\front-end\src\components\Dashboard\LineChart.vue", "Vue", 0, 0, 131, 0, 0, 0, 0, 0, 0, 0, 0, 0, 3, 134
"d:\vscode_project\Performace-MM\front-end\src\components\Dashboard\PanelGroup.vue", "Vue", 0, 0, 660, 0, 0, 0, 0, 0, 0, 0, 0, 21, 38, 719
"d:\vscode_project\Performace-MM\front-end\src\components\Dashboard\mixins\resize.js", "JavaScript", 0, 50, 0, 0, 0, 0, 0, 0, 0, 0, 0, 4, 2, 56
"d:\vscode_project\Performace-MM\front-end\src\components\PasswordEdit\PasswordEdit.vue", "Vue", 0, 0, 216, 0, 0, 0, 0, 0, 0, 0, 0, 4, 3, 223
"d:\vscode_project\Performace-MM\front-end\src\components\PlanProcessTable\JJProjectPlanProcess.vue", "Vue", 0, 0, 202, 0, 0, 0, 0, 0, 0, 0, 0, 0, 4, 206
"d:\vscode_project\Performace-MM\front-end\src\components\PlanProcessTable\XXProjectPlanProcess.vue", "Vue", 0, 0, 40, 0, 0, 0, 0, 0, 0, 0, 0, 0, 4, 44
"d:\vscode_project\Performace-MM\front-end\src\components\Sticky\index.vue", "Vue", 0, 0, 90, 0, 0, 0, 0, 0, 0, 0, 0, 0, 2, 92
"d:\vscode_project\Performace-MM\front-end\src\components\SvgIcon\index.vue", "Vue", 0, 0, 57, 0, 0, 0, 0, 0, 0, 0, 0, 1, 5, 63
"d:\vscode_project\Performace-MM\front-end\src\components\common\workTimeTable.vue", "Vue", 0, 0, 186, 0, 0, 0, 0, 0, 0, 0, 0, 9, 3, 198
"d:\vscode_project\Performace-MM\front-end\src\components\monthConclusion\editor.vue", "Vue", 0, 0, 92, 0, 0, 0, 0, 0, 0, 0, 0, 2, 3, 97
"d:\vscode_project\Performace-MM\front-end\src\components\monthConclusion\skins\content\default\content.css", "CSS", 0, 0, 0, 0, 0, 43, 0, 0, 0, 0, 0, 6, 1, 50
"d:\vscode_project\Performace-MM\front-end\src\components\monthConclusion\skins\content\default\content.min.css", "CSS", 0, 0, 0, 0, 0, 1, 0, 0, 0, 0, 0, 7, 1, 9
"d:\vscode_project\Performace-MM\front-end\src\components\monthConclusion\skins\content\document\content.css", "CSS", 0, 0, 0, 0, 0, 47, 0, 0, 0, 0, 0, 6, 1, 54
"d:\vscode_project\Performace-MM\front-end\src\components\monthConclusion\skins\content\document\content.min.css", "CSS", 0, 0, 0, 0, 0, 1, 0, 0, 0, 0, 0, 7, 1, 9
"d:\vscode_project\Performace-MM\front-end\src\components\monthConclusion\skins\content\writer\content.css", "CSS", 0, 0, 0, 0, 0, 44, 0, 0, 0, 0, 0, 6, 1, 51
"d:\vscode_project\Performace-MM\front-end\src\components\monthConclusion\skins\content\writer\content.min.css", "CSS", 0, 0, 0, 0, 0, 1, 0, 0, 0, 0, 0, 7, 1, 9
"d:\vscode_project\Performace-MM\front-end\src\components\monthConclusion\skins\ui\oxide-dark\content.css", "CSS", 0, 0, 0, 0, 0, 598, 0, 0, 0, 0, 0, 16, 1, 615
"d:\vscode_project\Performace-MM\front-end\src\components\monthConclusion\skins\ui\oxide-dark\content.inline.css", "CSS", 0, 0, 0, 0, 0, 606, 0, 0, 0, 0, 0, 16, 1, 623
"d:\vscode_project\Performace-MM\front-end\src\components\monthConclusion\skins\ui\oxide-dark\content.inline.min.css", "CSS", 0, 0, 0, 0, 0, 1, 0, 0, 0, 0, 0, 7, 1, 9
"d:\vscode_project\Performace-MM\front-end\src\components\monthConclusion\skins\ui\oxide-dark\content.min.css", "CSS", 0, 0, 0, 0, 0, 1, 0, 0, 0, 0, 0, 7, 1, 9
"d:\vscode_project\Performace-MM\front-end\src\components\monthConclusion\skins\ui\oxide-dark\content.mobile.css", "CSS", 0, 0, 0, 0, 0, 21, 0, 0, 0, 0, 0, 8, 1, 30
"d:\vscode_project\Performace-MM\front-end\src\components\monthConclusion\skins\ui\oxide-dark\content.mobile.min.css", "CSS", 0, 0, 0, 0, 0, 1, 0, 0, 0, 0, 0, 7, 1, 9
"d:\vscode_project\Performace-MM\front-end\src\components\monthConclusion\skins\ui\oxide-dark\skin.css", "CSS", 0, 0, 0, 0, 0, 2607, 0, 0, 0, 0, 0, 18, 1, 2626
"d:\vscode_project\Performace-MM\front-end\src\components\monthConclusion\skins\ui\oxide-dark\skin.min.css", "CSS", 0, 0, 0, 0, 0, 1, 0, 0, 0, 0, 0, 7, 1, 9
"d:\vscode_project\Performace-MM\front-end\src\components\monthConclusion\skins\ui\oxide-dark\skin.mobile.css", "CSS", 0, 0, 0, 0, 0, 642, 0, 0, 0, 0, 0, 30, 1, 673
"d:\vscode_project\Performace-MM\front-end\src\components\monthConclusion\skins\ui\oxide-dark\skin.mobile.min.css", "CSS", 0, 0, 0, 0, 0, 1, 0, 0, 0, 0, 0, 7, 1, 9
"d:\vscode_project\Performace-MM\front-end\src\components\monthConclusion\skins\ui\oxide\content.css", "CSS", 0, 0, 0, 0, 0, 598, 0, 0, 0, 0, 0, 16, 1, 615
"d:\vscode_project\Performace-MM\front-end\src\components\monthConclusion\skins\ui\oxide\content.inline.css", "CSS", 0, 0, 0, 0, 0, 606, 0, 0, 0, 0, 0, 16, 1, 623
"d:\vscode_project\Performace-MM\front-end\src\components\monthConclusion\skins\ui\oxide\content.inline.min.css", "CSS", 0, 0, 0, 0, 0, 1, 0, 0, 0, 0, 0, 7, 1, 9
"d:\vscode_project\Performace-MM\front-end\src\components\monthConclusion\skins\ui\oxide\content.min.css", "CSS", 0, 0, 0, 0, 0, 1, 0, 0, 0, 0, 0, 7, 1, 9
"d:\vscode_project\Performace-MM\front-end\src\components\monthConclusion\skins\ui\oxide\content.mobile.css", "CSS", 0, 0, 0, 0, 0, 21, 0, 0, 0, 0, 0, 8, 1, 30
"d:\vscode_project\Performace-MM\front-end\src\components\monthConclusion\skins\ui\oxide\content.mobile.min.css", "CSS", 0, 0, 0, 0, 0, 1, 0, 0, 0, 0, 0, 7, 1, 9
"d:\vscode_project\Performace-MM\front-end\src\components\monthConclusion\skins\ui\oxide\skin.css", "CSS", 0, 0, 0, 0, 0, 2607, 0, 0, 0, 0, 0, 18, 1, 2626
"d:\vscode_project\Performace-MM\front-end\src\components\monthConclusion\skins\ui\oxide\skin.min.css", "CSS", 0, 0, 0, 0, 0, 1, 0, 0, 0, 0, 0, 7, 1, 9
"d:\vscode_project\Performace-MM\front-end\src\components\monthConclusion\skins\ui\oxide\skin.mobile.css", "CSS", 0, 0, 0, 0, 0, 642, 0, 0, 0, 0, 0, 30, 1, 673
"d:\vscode_project\Performace-MM\front-end\src\components\monthConclusion\skins\ui\oxide\skin.mobile.min.css", "CSS", 0, 0, 0, 0, 0, 1, 0, 0, 0, 0, 0, 7, 1, 9
"d:\vscode_project\Performace-MM\front-end\src\components\monthConclusion\zh_CN.js", "JavaScript", 0, 419, 0, 0, 0, 0, 0, 0, 0, 0, 0, 0, 0, 419
"d:\vscode_project\Performace-MM\front-end\src\components\workStation\projectOverview.vue", "Vue", 0, 0, 509, 0, 0, 0, 0, 0, 0, 0, 0, 15, 4, 528
"d:\vscode_project\Performace-MM\front-end\src\components\workStation\projectOverviewManager.vue", "Vue", 0, 0, 188, 0, 0, 0, 0, 0, 0, 0, 0, 6, 4, 198
"d:\vscode_project\Performace-MM\front-end\src\components\workStation\projectProcessDetail.vue", "Vue", 0, 0, 308, 0, 0, 0, 0, 0, 0, 0, 0, 6, 3, 317
"d:\vscode_project\Performace-MM\front-end\src\config\http.js", "JavaScript", 0, 98, 0, 0, 0, 0, 0, 0, 0, 0, 0, 8, 4, 110
"d:\vscode_project\Performace-MM\front-end\src\config\interface.js", "JavaScript", 0, 92, 0, 0, 0, 0, 0, 0, 0, 0, 0, 1, 8, 101
"d:\vscode_project\Performace-MM\front-end\src\icons\index.js", "JavaScript", 0, 6, 0, 0, 0, 0, 0, 0, 0, 0, 0, 1, 3, 10
"d:\vscode_project\Performace-MM\front-end\src\icons\svg\404.svg", "XML", 0, 0, 0, 0, 0, 0, 1, 0, 0, 0, 0, 0, 0, 1
"d:\vscode_project\Performace-MM\front-end\src\icons\svg\bug.svg", "XML", 0, 0, 0, 0, 0, 0, 1, 0, 0, 0, 0, 0, 0, 1
"d:\vscode_project\Performace-MM\front-end\src\icons\svg\chart.svg", "XML", 0, 0, 0, 0, 0, 0, 1, 0, 0, 0, 0, 0, 0, 1
"d:\vscode_project\Performace-MM\front-end\src\icons\svg\clipboard.svg", "XML", 0, 0, 0, 0, 0, 0, 1, 0, 0, 0, 0, 0, 0, 1
"d:\vscode_project\Performace-MM\front-end\src\icons\svg\communication.svg", "XML", 0, 0, 0, 0, 0, 0, 1, 0, 0, 0, 0, 0, 0, 1
"d:\vscode_project\Performace-MM\front-end\src\icons\svg\component.svg", "XML", 0, 0, 0, 0, 0, 0, 1, 0, 0, 0, 0, 0, 0, 1
"d:\vscode_project\Performace-MM\front-end\src\icons\svg\dashboard.svg", "XML", 0, 0, 0, 0, 0, 0, 1, 0, 0, 0, 0, 0, 0, 1
"d:\vscode_project\Performace-MM\front-end\src\icons\svg\documentation.svg", "XML", 0, 0, 0, 0, 0, 0, 1, 0, 0, 0, 0, 0, 0, 1
"d:\vscode_project\Performace-MM\front-end\src\icons\svg\drag.svg", "XML", 0, 0, 0, 0, 0, 0, 1, 0, 0, 0, 0, 0, 0, 1
"d:\vscode_project\Performace-MM\front-end\src\icons\svg\edit.svg", "XML", 0, 0, 0, 0, 0, 0, 1, 0, 0, 0, 0, 0, 0, 1
"d:\vscode_project\Performace-MM\front-end\src\icons\svg\education.svg", "XML", 0, 0, 0, 0, 0, 0, 1, 0, 0, 0, 0, 0, 0, 1
"d:\vscode_project\Performace-MM\front-end\src\icons\svg\email.svg", "XML", 0, 0, 0, 0, 0, 0, 1, 0, 0, 0, 0, 0, 0, 1
"d:\vscode_project\Performace-MM\front-end\src\icons\svg\example.svg", "XML", 0, 0, 0, 0, 0, 0, 1, 0, 0, 0, 0, 0, 0, 1
"d:\vscode_project\Performace-MM\front-end\src\icons\svg\excel.svg", "XML", 0, 0, 0, 0, 0, 0, 1, 0, 0, 0, 0, 0, 0, 1
"d:\vscode_project\Performace-MM\front-end\src\icons\svg\exit-fullscreen.svg", "XML", 0, 0, 0, 0, 0, 0, 1, 0, 0, 0, 0, 0, 0, 1
"d:\vscode_project\Performace-MM\front-end\src\icons\svg\eye-open.svg", "XML", 0, 0, 0, 0, 0, 0, 1, 0, 0, 0, 0, 0, 0, 1
"d:\vscode_project\Performace-MM\front-end\src\icons\svg\eye.svg", "XML", 0, 0, 0, 0, 0, 0, 1, 0, 0, 0, 0, 0, 0, 1
"d:\vscode_project\Performace-MM\front-end\src\icons\svg\form.svg", "XML", 0, 0, 0, 0, 0, 0, 1, 0, 0, 0, 0, 0, 0, 1
"d:\vscode_project\Performace-MM\front-end\src\icons\svg\fullscreen.svg", "XML", 0, 0, 0, 0, 0, 0, 1, 0, 0, 0, 0, 0, 0, 1
"d:\vscode_project\Performace-MM\front-end\src\icons\svg\greenPoint.svg", "XML", 0, 0, 0, 0, 0, 0, 1, 0, 0, 0, 0, 0, 0, 1
"d:\vscode_project\Performace-MM\front-end\src\icons\svg\guide.svg", "XML", 0, 0, 0, 0, 0, 0, 1, 0, 0, 0, 0, 0, 0, 1
"d:\vscode_project\Performace-MM\front-end\src\icons\svg\icon.svg", "XML", 0, 0, 0, 0, 0, 0, 1, 0, 0, 0, 0, 0, 0, 1
"d:\vscode_project\Performace-MM\front-end\src\icons\svg\international.svg", "XML", 0, 0, 0, 0, 0, 0, 1, 0, 0, 0, 0, 0, 0, 1
"d:\vscode_project\Performace-MM\front-end\src\icons\svg\language.svg", "XML", 0, 0, 0, 0, 0, 0, 1, 0, 0, 0, 0, 0, 0, 1
"d:\vscode_project\Performace-MM\front-end\src\icons\svg\link.svg", "XML", 0, 0, 0, 0, 0, 0, 1, 0, 0, 0, 0, 0, 0, 1
"d:\vscode_project\Performace-MM\front-end\src\icons\svg\list.svg", "XML", 0, 0, 0, 0, 0, 0, 1, 0, 0, 0, 0, 0, 0, 1
"d:\vscode_project\Performace-MM\front-end\src\icons\svg\lock.svg", "XML", 0, 0, 0, 0, 0, 0, 1, 0, 0, 0, 0, 0, 0, 1
"d:\vscode_project\Performace-MM\front-end\src\icons\svg\message.svg", "XML", 0, 0, 0, 0, 0, 0, 1, 0, 0, 0, 0, 0, 0, 1
"d:\vscode_project\Performace-MM\front-end\src\icons\svg\money.svg", "XML", 0, 0, 0, 0, 0, 0, 1, 0, 0, 0, 0, 0, 0, 1
"d:\vscode_project\Performace-MM\front-end\src\icons\svg\nested.svg", "XML", 0, 0, 0, 0, 0, 0, 1, 0, 0, 0, 0, 0, 0, 1
"d:\vscode_project\Performace-MM\front-end\src\icons\svg\password.svg", "XML", 0, 0, 0, 0, 0, 0, 1, 0, 0, 0, 0, 0, 0, 1
"d:\vscode_project\Performace-MM\front-end\src\icons\svg\pdf.svg", "XML", 0, 0, 0, 0, 0, 0, 1, 0, 0, 0, 0, 0, 0, 1
"d:\vscode_project\Performace-MM\front-end\src\icons\svg\people.svg", "XML", 0, 0, 0, 0, 0, 0, 1, 0, 0, 0, 0, 0, 0, 1
"d:\vscode_project\Performace-MM\front-end\src\icons\svg\peoples.svg", "XML", 0, 0, 0, 0, 0, 0, 1, 0, 0, 0, 0, 0, 0, 1
"d:\vscode_project\Performace-MM\front-end\src\icons\svg\qq.svg", "XML", 0, 0, 0, 0, 0, 0, 1, 0, 0, 0, 0, 0, 0, 1
"d:\vscode_project\Performace-MM\front-end\src\icons\svg\rank-blue.svg", "XML", 0, 0, 0, 0, 0, 0, 1, 0, 0, 0, 0, 0, 0, 1
"d:\vscode_project\Performace-MM\front-end\src\icons\svg\rank-new.svg", "XML", 0, 0, 0, 0, 0, 0, 2, 0, 0, 0, 0, 0, 0, 2
"d:\vscode_project\Performace-MM\front-end\src\icons\svg\rank-new1.svg", "XML", 0, 0, 0, 0, 0, 0, 2, 0, 0, 0, 0, 0, 0, 2
"d:\vscode_project\Performace-MM\front-end\src\icons\svg\rank-yellow.svg", "XML", 0, 0, 0, 0, 0, 0, 1, 0, 0, 0, 0, 0, 0, 1
"d:\vscode_project\Performace-MM\front-end\src\icons\svg\rank.svg", "XML", 0, 0, 0, 0, 0, 0, 1, 0, 0, 0, 0, 0, 0, 1
"d:\vscode_project\Performace-MM\front-end\src\icons\svg\ranks.svg", "XML", 0, 0, 0, 0, 0, 0, 1, 0, 0, 0, 0, 0, 0, 1
"d:\vscode_project\Performace-MM\front-end\src\icons\svg\redPoint.svg", "XML", 0, 0, 0, 0, 0, 0, 1, 0, 0, 0, 0, 0, 0, 1
"d:\vscode_project\Performace-MM\front-end\src\icons\svg\score-blue.svg", "XML", 0, 0, 0, 0, 0, 0, 1, 0, 0, 0, 0, 0, 0, 1
"d:\vscode_project\Performace-MM\front-end\src\icons\svg\score-red.svg", "XML", 0, 0, 0, 0, 0, 0, 1, 0, 0, 0, 0, 0, 0, 1
"d:\vscode_project\Performace-MM\front-end\src\icons\svg\score-yellow.svg", "XML", 0, 0, 0, 0, 0, 0, 1, 0, 0, 0, 0, 0, 0, 1
"d:\vscode_project\Performace-MM\front-end\src\icons\svg\search.svg", "XML", 0, 0, 0, 0, 0, 0, 1, 0, 0, 0, 0, 0, 0, 1
"d:\vscode_project\Performace-MM\front-end\src\icons\svg\shopping.svg", "XML", 0, 0, 0, 0, 0, 0, 1, 0, 0, 0, 0, 0, 0, 1
"d:\vscode_project\Performace-MM\front-end\src\icons\svg\size.svg", "XML", 0, 0, 0, 0, 0, 0, 1, 0, 0, 0, 0, 0, 0, 1
"d:\vscode_project\Performace-MM\front-end\src\icons\svg\skill.svg", "XML", 0, 0, 0, 0, 0, 0, 1, 0, 0, 0, 0, 0, 0, 1
"d:\vscode_project\Performace-MM\front-end\src\icons\svg\star.svg", "XML", 0, 0, 0, 0, 0, 0, 1, 0, 0, 0, 0, 0, 0, 1
"d:\vscode_project\Performace-MM\front-end\src\icons\svg\tab.svg", "XML", 0, 0, 0, 0, 0, 0, 1, 0, 0, 0, 0, 0, 0, 1
"d:\vscode_project\Performace-MM\front-end\src\icons\svg\table.svg", "XML", 0, 0, 0, 0, 0, 0, 1, 0, 0, 0, 0, 0, 0, 1
"d:\vscode_project\Performace-MM\front-end\src\icons\svg\theme.svg", "XML", 0, 0, 0, 0, 0, 0, 1, 0, 0, 0, 0, 0, 0, 1
"d:\vscode_project\Performace-MM\front-end\src\icons\svg\tree-table.svg", "XML", 0, 0, 0, 0, 0, 0, 1, 0, 0, 0, 0, 0, 0, 1
"d:\vscode_project\Performace-MM\front-end\src\icons\svg\tree.svg", "XML", 0, 0, 0, 0, 0, 0, 1, 0, 0, 0, 0, 0, 0, 1
"d:\vscode_project\Performace-MM\front-end\src\icons\svg\user.svg", "XML", 0, 0, 0, 0, 0, 0, 1, 0, 0, 0, 0, 0, 0, 1
"d:\vscode_project\Performace-MM\front-end\src\icons\svg\wechat.svg", "XML", 0, 0, 0, 0, 0, 0, 1, 0, 0, 0, 0, 0, 0, 1
"d:\vscode_project\Performace-MM\front-end\src\icons\svg\yellowPoint.svg", "XML", 0, 0, 0, 0, 0, 0, 1, 0, 0, 0, 0, 0, 0, 1
"d:\vscode_project\Performace-MM\front-end\src\icons\svg\zip.svg", "XML", 0, 0, 0, 0, 0, 0, 1, 0, 0, 0, 0, 0, 0, 1
"d:\vscode_project\Performace-MM\front-end\src\icons\svgo.yml", "YAML", 0, 0, 0, 0, 0, 0, 0, 5, 0, 0, 0, 13, 5, 23
"d:\vscode_project\Performace-MM\front-end\src\main.js", "JavaScript", 0, 46, 0, 0, 0, 0, 0, 0, 0, 0, 0, 1, 6, 53
"d:\vscode_project\Performace-MM\front-end\src\mutation-types.js", "JavaScript", 0, 1, 0, 0, 0, 0, 0, 0, 0, 0, 0, 1, 1, 3
"d:\vscode_project\Performace-MM\front-end\src\router.js", "JavaScript", 0, 151, 0, 0, 0, 0, 0, 0, 0, 0, 0, 1, 4, 156
"d:\vscode_project\Performace-MM\front-end\src\store.js", "JavaScript", 0, 83, 0, 0, 0, 0, 0, 0, 0, 0, 0, 14, 3, 100
"d:\vscode_project\Performace-MM\front-end\src\themes\element\element-variables.scss", "SCSS", 0, 0, 0, 0, 3, 0, 0, 0, 0, 0, 0, 2, 2, 7
"d:\vscode_project\Performace-MM\front-end\src\utils\achievementEva.js", "JavaScript", 0, 204, 0, 0, 0, 0, 0, 0, 0, 0, 0, 20, 8, 232
"d:\vscode_project\Performace-MM\front-end\src\utils\auth.js", "JavaScript", 0, 11, 0, 0, 0, 0, 0, 0, 0, 0, 0, 0, 5, 16
"d:\vscode_project\Performace-MM\front-end\src\utils\common.js", "JavaScript", 0, 537, 0, 0, 0, 0, 0, 0, 0, 0, 0, 30, 27, 594
"d:\vscode_project\Performace-MM\front-end\src\utils\conclusion.js", "JavaScript", 0, 244, 0, 0, 0, 0, 0, 0, 0, 0, 0, 28, 11, 283
"d:\vscode_project\Performace-MM\front-end\src\utils\index.js", "JavaScript", 0, 26, 0, 0, 0, 0, 0, 0, 0, 0, 0, 10, 5, 41
"d:\vscode_project\Performace-MM\front-end\src\utils\multual.js", "JavaScript", 0, 124, 0, 0, 0, 0, 0, 0, 0, 0, 0, 171, 4, 299
"d:\vscode_project\Performace-MM\front-end\src\utils\performance.js", "JavaScript", 0, 553, 0, 0, 0, 0, 0, 0, 0, 0, 0, 30, 19, 602
"d:\vscode_project\Performace-MM\front-end\src\utils\performanceEva.js", "JavaScript", 0, 7, 0, 0, 0, 0, 0, 0, 0, 0, 0, 1, 2, 10
"d:\vscode_project\Performace-MM\front-end\src\utils\performancerate.js", "JavaScript", 0, 158, 0, 0, 0, 0, 0, 0, 0, 0, 0, 17, 4, 179
"d:\vscode_project\Performace-MM\front-end\src\utils\request.js", "JavaScript", 0, 56, 0, 0, 0, 0, 0, 0, 0, 0, 0, 21, 9, 86
"d:\vscode_project\Performace-MM\front-end\src\utils\users.js", "JavaScript", 0, 33, 0, 0, 0, 0, 0, 0, 0, 0, 0, 2, 3, 38
"d:\vscode_project\Performace-MM\front-end\src\utils\validate.js", "JavaScript", 0, 39, 0, 0, 0, 0, 0, 0, 0, 0, 0, 40, 10, 89
"d:\vscode_project\Performace-MM\front-end\src\utils\workStation.js", "JavaScript", 0, 115, 0, 0, 0, 0, 0, 0, 0, 0, 0, 5, 6, 126
"d:\vscode_project\Performace-MM\front-end\src\views\Dashboard\index.vue", "Vue", 0, 0, 49, 0, 0, 0, 0, 0, 0, 0, 0, 4, 5, 58
"d:\vscode_project\Performace-MM\front-end\src\views\Home.vue", "Vue", 0, 0, 128, 0, 0, 0, 0, 0, 0, 0, 0, 9, 4, 141
"d:\vscode_project\Performace-MM\front-end\src\views\Login.vue", "Vue", 0, 0, 170, 0, 0, 0, 0, 0, 0, 0, 0, 7, 3, 180
"d:\vscode_project\Performace-MM\front-end\src\views\Performance\Performance.vue", "Vue", 0, 0, 575, 0, 0, 0, 0, 0, 0, 0, 0, 20, 3, 598
"d:\vscode_project\Performace-MM\front-end\src\views\Performance\childViews\PerformanceAddNew.vue", "Vue", 0, 0, 1041, 0, 0, 0, 0, 0, 0, 0, 0, 59, 3, 1103
"d:\vscode_project\Performace-MM\front-end\src\views\Performance\childViews\PerformanceEdit.vue", "Vue", 0, 0, 601, 0, 0, 0, 0, 0, 0, 0, 0, 46, 3, 650
"d:\vscode_project\Performace-MM\front-end\src\views\Refresh.vue", "Vue", 0, 0, 15, 0, 0, 0, 0, 0, 0, 0, 0, 0, 1, 16
"d:\vscode_project\Performace-MM\front-end\src\views\WorkStation\WorkStation.vue", "Vue", 0, 0, 313, 0, 0, 0, 0, 0, 0, 0, 0, 14, 3, 330
"d:\vscode_project\Performace-MM\front-end\src\views\WorkStation\childViews\ProjectAssign.vue", "Vue", 0, 0, 871, 0, 0, 0, 0, 0, 0, 0, 0, 32, 3, 906
"d:\vscode_project\Performace-MM\front-end\src\views\WorkStation\childViews\ProjectPlanProcess.vue", "Vue", 0, 0, 898, 0, 0, 0, 0, 0, 0, 0, 0, 46, 4, 948
"d:\vscode_project\Performace-MM\front-end\src\views\WorkStation\childViews\otherProject.vue", "Vue", 0, 0, 90, 0, 0, 0, 0, 0, 0, 0, 0, 3, 4, 97
"d:\vscode_project\Performace-MM\front-end\src\views\monthConclusion\childViews\monthConclusionTable.vue", "Vue", 0, 0, 176, 0, 0, 0, 0, 0, 0, 0, 0, 4, 3, 183
"d:\vscode_project\Performace-MM\front-end\src\views\monthConclusion\childViews\monthConclusionTableCheck.vue", "Vue", 0, 0, 219, 0, 0, 0, 0, 0, 0, 0, 0, 5, 3, 227
"d:\vscode_project\Performace-MM\front-end\src\views\monthConclusion\childViews\monthConclusionTableCheckNew.vue", "Vue", 0, 0, 231, 0, 0, 0, 0, 0, 0, 0, 0, 5, 3, 239
"d:\vscode_project\Performace-MM\front-end\src\views\monthConclusion\childViews\monthConclusionTableNew.vue", "Vue", 0, 0, 261, 0, 0, 0, 0, 0, 0, 0, 0, 7, 6, 274
"d:\vscode_project\Performace-MM\front-end\src\views\monthConclusion\monthConclusion.vue", "Vue", 0, 0, 413, 0, 0, 0, 0, 0, 0, 0, 0, 36, 3, 452
"d:\vscode_project\Performace-MM\front-end\src\views\mutualEvaluation\muLEvaCheck.vue", "Vue", 0, 0, 377, 0, 0, 0, 0, 0, 0, 0, 0, 31, 4, 412
"d:\vscode_project\Performace-MM\front-end\src\views\mutualEvaluation\multualEvaluation.vue", "Vue", 0, 0, 1865, 0, 0, 0, 0, 0, 0, 0, 0, 120, 3, 1988
"d:\vscode_project\Performace-MM\front-end\src\views\performanceEva\AMEva.vue", "Vue", 0, 0, 1110, 0, 0, 0, 0, 0, 0, 0, 0, 59, 7, 1176
"d:\vscode_project\Performace-MM\front-end\src\views\performanceEva\performanceEva.vue", "Vue", 0, 0, 1582, 0, 0, 0, 0, 0, 0, 0, 0, 114, 5, 1701
"d:\vscode_project\Performace-MM\front-end\src\views\tmp\PMDataFillUp.vue", "Vue", 0, 0, 157, 0, 0, 0, 0, 0, 0, 0, 0, 6, 1, 164
"d:\vscode_project\Performace-MM\front-end\src\views\workPlanCheck\childViews\PersionPlan.vue", "Vue", 0, 0, 344, 0, 0, 0, 0, 0, 0, 0, 0, 19, 3, 366
"d:\vscode_project\Performace-MM\front-end\src\views\workPlanCheck\childViews\planChart.vue", "Vue", 0, 0, 251, 0, 0, 0, 0, 0, 0, 0, 0, 4, 5, 260
"d:\vscode_project\Performace-MM\front-end\src\views\workPlanCheck\workPlanCheck.vue", "Vue", 0, 0, 176, 0, 0, 0, 0, 0, 0, 0, 0, 14, 3, 193
"d:\vscode_project\Performace-MM\front-end\src\views\workTimeCheck\workTimeCheck.vue", "Vue", 0, 0, 215, 0, 0, 0, 0, 0, 0, 0, 0, 14, 4, 233
"d:\vscode_project\Performace-MM\front-end\src\views\workTimeReview\WorkTimeReview.vue", "Vue", 0, 0, 242, 0, 0, 0, 0, 0, 0, 0, 0, 18, 3, 263
"d:\vscode_project\Performace-MM\front-end\src\views\workTimeReview\childViews\ReviewedPerson.vue", "Vue", 0, 0, 578, 0, 0, 0, 0, 0, 0, 0, 0, 13, 4, 595
"d:\vscode_project\Performace-MM\front-end\vue.config.js", "JavaScript", 0, 66, 0, 0, 0, 0, 0, 0, 0, 0, 0, 4, 2, 72
"Total", "-", 23, 3748, 16962, 16, 175, 18232, 61, 5, 13051, 5, 3, 1841, 459, 54581